pga_target_for_estimate,pga_target_factor,advice_status,bytes_processed,estd_extra_bytes_rw,estd_pga_cache_hit_percentage,estd_overalloc_count
50331648,0.25,ON,48293847129,12847293847,72,847
100663296,0.50,ON,48293847129,4829384712,89,234
150994944,0.75,ON,48293847129,1847293847,95,45
201326592,1.00,ON,48293847129,847293184,97,12
251658240,1.25,ON,48293847129,284729384,99,0
301989888,1.50,ON,48293847129,84729318,100,0
402653184,2.00,ON,48293847129,8472931,100,0
603979776,3.00,ON,48293847129,847293,100,0
805306368,4.00,ON,48293847129,84729,100,0
