dna_sequence	protein_sequence
CAAACCGTACCGATTGCT	QTGVPIA
TCCAACGCCGACGTT	GDGAGNGV
GGCATGCGTCATTTC	GMGRHY
GAGTCAGTAACTATTCCTGGC	ESVTVPG
CCAAACATAGACTCC	PDMNG
CTTGTGTCTCTTGGT	LVSLC
AAGCTTCTGGTTATCGTG	KGLSGVVGV
CCGGATGGCCCTTGC	PGDGGPC
GCAGAACCTCAATTTTTCGGT	AEPQYYGC
TTACGGGGTACGAGC	LPGCAS
TATCGCTCGAGCTTGTGCTGT	YRSSLCC
CTACCTCTGATCACAGCC	LPSITA
TCCACAGGGTGCTTACCG	GTGCLP
TGTTAGCGTCGGTGT	CQGRPC
GTTGCCAACTCTCTTGTT	VADSLV
CAGCATTGCCGTGTGCGTGGCCGT	QGHCGRVGRGGR
CATGGGTATGACACT	HGYNT
GTACCTATGAGCTGTAAA	VPMSCN
CAACACCTATATGATGAC	QHGLYDN
AAGCGCCTAACAACGGGATGACTG	KGRGLTAGGWS
AATGGAGGGTAGAGTGGAGCA	NGGQSGA
ATACGAGCGTTTGTCATA	MRAFVM
AGTATTCATTCACTGGTCGTC	SVHSSGVGV
ACTCCAGGTGAGTAGTTC	TPCEQF
CGCTGGAGTCCCATGTTCTAGAGC	RWSPMFQS
TGGGGTTAGTCTCGAACG	WGCQSRA
AGCGGCCAACACATTCCCGCCATC	SGGGQHIPGAI
AATCATGCCACAGGG	NHATG
ACGAAAGGGAGCTCGTTTGGC	AKGSSFG
GCACTTCCTCCACGG	ALPPP
CGGTCCCGCGGTTTT	PGGRGCY
GCTCTCTGATACTGCTGGTGC	ALWYCWC
CACTGAAAGGATCAGCGA	HWNGDQGR
CTATGCGGTGCTCAGCCGGCGACT	LCGCAQGPGAT
ATAAACTGTTCCCGG	MDCGGP
CAGACAGGTAAACAAACT	QTCNQT
TGGAAACCCTCACGTGATCGTGTT	WKPSRDRV
CACGTCTACCGTATT	HGVYGRV
GTGTTAGTAACTAAACAGATT	VLVTNQI
ACGGAAATATAGTGG	AGEMQW
GAGATGAAACCCTAT	EMKPY
CTCTGAGGACGGAGC	LWGPS
TCATAGCTCACTGCACTAGCA	SQGLTALA
TCTCTGACCATCTCTCATCTGTCG	SSTISHSS
CGGACCATAGACAAC	PTMND
CGATGGGAGCATAAAGTCCAATTT	RWGEGHNVGQY
GACTCCCGCCGAACTGTAACCGGG	NGGRGRTVTGG
GCAAATGTCCATACAGTG	ANVGHTV
CCCCTTTCAATTTCCTGG	PGLSVGW
TGACGGTACTACTGC	WPYYC
CTCTGTGCAAAAACC	LCANT
GAGACTTGCTCGGGTAAGGGC	ETCSGCNGG
GGTGAGATGATATTTATGGTC	CEMMYMGV
CCAAAAAGTCACGCC	PNSHGA
TCAGAACGGTCCACAGCAGTTGGA	SEPGTAVG
AACATAATTATCGGCCGCTCA	DMVVGGGRS
CGCTACTGCTAGCCGTGTCTC	RYCQGPCL
CTAGCCAGTCCCTCAGGCTAG	LASPSGQ
TTCATCTTACATGGT	FILHC
